<?xml version="1.0" encoding="UTF-8"?>
<PRPA_IN201305UV02 xmlns:xsi="http://www.w3.org/2001/XMLSchema-instance"
xsi:schemaLocation="urn:hl7-org:v3 ../../schema/HL7V3/NE2008/multicacheschemas/PRPA_IN201305UV02.xsd"
xmlns="urn:hl7-org:v3"
ITSVersion="XML_1.0">
<id root="1.2.840.114350.1.13.0.1.7.1.1" extension="35423"/>
<creationTime value="20090417150301"/>
<interactionId root="2.16.840.1.113883.1.6" extension="PRPA_IN201305UV02"/>
<processingCode code="P"/>
<processingModeCode code="T"/>
<acceptAckCode code="AL"/>
<receiver typeCode="RCV">
    <device  classCode="DEV" determinerCode="INSTANCE">
        <id root="2.16.840.1.113883.3.2591.400.4.1"/>
        <telecom value="http://servicelocation/IHEXCPDRespondingGateway"/>
    </device>
</receiver>
<sender typeCode="SND">
    <device classCode="DEV" determinerCode="INSTANCE">
        <id root="1.2.840.114350.1.13.999.567"/>
        <!-- Used to carry the homeCommunityId -->
        <asAgent classCode="AGNT">
            <representedOrganization classCode="ORG" determinerCode="INSTANCE">
	            <!-- homeCommunityId=urn:oid:1.2.3.928.955 -->
            	<id root="1.2.3.928.955"/>
            </representedOrganization>
        </asAgent>
    </device>
</sender>
<controlActProcess  classCode="CACT" moodCode="EVN">
    <code code="PRPA_TE201305UV02" codeSystem="2.16.840.1.113883.1.6"/>
    <queryByParameter>
        <queryId root="1.2.840.114350.1.13.28.1.18.5.999" extension="18204"/>
        <statusCode code="new"/>
        <responsePriorityCode code="I"/><!--If this is 'D' we need to return an error-->
        <matchCriterionList>
            <minimumDegreeMatch>
                <value xsi:type="INT" value="75"/>
                <semanticsText>MinimumDegreeMatch</semanticsText>
            </minimumDegreeMatch>
        </matchCriterionList>
        <parameterList>
            <livingSubjectAdministrativeGender>
                <value code="@Gender"/>
                <semanticsText>LivingSubject.administrativeGender</semanticsText>
            </livingSubjectAdministrativeGender>
            <livingSubjectBirthTime>
               <value value="@DOB"/>
               <semanticsText>LivingSubject.birthTime</semanticsText>
           </livingSubjectBirthTime>
            <livingSubjectName>
                <value>
                    <given>@FirstName</given>
                    <family>@LastName</family>
                </value>
                <semanticsText>LivingSubject.name</semanticsText>
            </livingSubjectName>              
        </parameterList>
    </queryByParameter>
</controlActProcess>
</PRPA_IN201305UV02>